<?xml version="1.0" encoding="UTF-8" standalone="no"?><templates><template autoinsert="false" context="methodcomment_context" deleted="false" description="Comment for non-overriding methods" enabled="true" id="org.eclipse.jdt.ui.text.codetemplates.methodcomment" name="methodcomment">/**  
 * ${todo}: detail description
 *
 * @name ${todo}: Chinese name
 * ${tags}
 * @author ${user}
 * @date: ${date} ${time}
 */</template><template autoinsert="false" context="settercomment_context" deleted="false" description="Comment for setter method" enabled="true" id="org.eclipse.jdt.ui.text.codetemplates.settercomment" name="settercomment">    /**
     * Setter method for property &lt;tt&gt;${bare_field_name}&lt;/tt&gt;.
     * 
     * @param ${field} value to be assigned to property ${bare_field_name}
     */</template><template autoinsert="true" context="delegatecomment_context" deleted="false" description="Comment for delegate methods" enabled="true" id="org.eclipse.jdt.ui.text.codetemplates.delegatecomment" name="delegatecomment">/**
 * ${tags}
 * ${see_to_target}
 */</template><template autoinsert="false" context="overridecomment_context" deleted="false" description="Comment for overriding methods" enabled="true" id="org.eclipse.jdt.ui.text.codetemplates.overridecomment" name="overridecomment">/** 
 * ${see_to_overridden}
 */</template><template autoinsert="false" context="gettercomment_context" deleted="false" description="Comment for getter method" enabled="true" id="org.eclipse.jdt.ui.text.codetemplates.gettercomment" name="gettercomment">    /**
     * Getter method for property &lt;tt&gt;${bare_field_name}&lt;/tt&gt;.
     * 
     * @return property value of ${field}
     */</template><template autoinsert="false" context="filecomment_context" deleted="false" description="Comment for created Java files" enabled="true" id="org.eclipse.jdt.ui.text.codetemplates.filecomment" name="filecomment">/**
 * qccr.com Inc.
 * Copyright (c) 2014-${year} All Rights Reserved.
 */</template><template autoinsert="true" context="constructorcomment_context" deleted="false" description="Comment for created constructors" enabled="true" id="org.eclipse.jdt.ui.text.codetemplates.constructorcomment" name="constructorcomment">/**
 * ${tags}
 */</template><template autoinsert="false" context="fieldcomment_context" deleted="false" description="Comment for fields" enabled="true" id="org.eclipse.jdt.ui.text.codetemplates.fieldcomment" name="fieldcomment">/** ${todo}: detail description  */</template><template autoinsert="false" context="typecomment_context" deleted="false" description="Comment for created types" enabled="true" id="org.eclipse.jdt.ui.text.codetemplates.typecomment" name="typecomment">/**
 * ${todo}: detail description
 *
 * @name ${todo}: Chinese name
 * @author ${user}
 * @version $$Id: ${file_name}, v 0.1 ${date} ${time} ${user} Exp $$
 */</template></templates>